mssv,ho_ten
22520001,Nguyễn Văn An
22520002,Trần Thị Bình
22520003,Lê Hoàng Cường
22520004,Phạm Minh Đức
22520005,Hoàng Ngọc Duy
22520006,Vũ Tiến Đạt
22520007,Phan Thanh Hà
22520008,Đặng Minh Hải
22520009,Bùi Văn Hùng
22520010,Đỗ Thị Hương
22520011,Hồ Sĩ Huy
22520012,Ngô Văn Khanh
22520013,Dương Hồng Linh
22520014,Lý Minh Long
22520015,Nguyễn Thị Mai
22520016,Trần Văn Nam
22520017,Lê Ngọc Phong
22520018,Phạm Thanh Quân
22520019,Hoàng Đình Quốc
22520020,Vũ Minh Tâm
22520021,Phan Văn Tài
22520022,Đặng Thị Thảo
22520023,Bùi Anh Tuấn
22520024,Đỗ Minh Tú
22520025,Nguyễn Hoàng Việt
23520001,Nguyễn Văn Bình
23520002,Trần Minh Chiến
23520003,Lê Thị Diệp
23520004,Phạm Hồng Đăng
23520005,Hoàng Văn Giang
23520006,Vũ Thị Hoa
23520007,Phan Văn Hoàng
23520008,Đặng Minh Khôi
23520009,Bùi Tiến Lâm
23520010,Đỗ Hồng Nhung
23520011,Hồ Văn Phúc
23520012,Ngô Thanh Sơn
23520013,Dương Minh Thắng
23520014,Lý Văn Thịnh
23520015,Nguyễn Hoài Thương
23520016,Trần Anh Tiến
23520017,Lê Văn Toàn
23520018,Phạm Minh Trí
23520019,Hoàng Văn Trung
23520020,Vũ Hoàng Trường
23520021,Phan Minh Quang
23520022,Đặng Văn Phương
23520023,Bùi Thị Quỳnh
23520024,Đỗ Tiến Thành
23520025,Cao Minh Khang
24520001,Nguyễn Anh Dũng
24520002,Trần Bảo Khánh
24520003,Lê Gia Huy
24520004,Phạm Hữu Phước
24520005,Hoàng Khánh Linh
24520006,Vũ Minh Nhật
24520007,Phan Ngọc Trâm
24520008,Đặng Nhật Minh
24520009,Bùi Phương Nam
24520010,Đỗ Quang Vinh
24520011,Hồ Thanh Hải
24520012,Ngô Thùy Linh
24520013,Dương Tiến Dũng
24520014,Lý Tuấn Kiệt
24520015,Nguyễn Việt Anh
24520016,Trần Xuân Bách
24520017,Lê Yến Nhi
24520018,Phạm Đức Mạnh
24520019,Hoàng Gia Bảo
24520020,Vũ Đăng Khoa
24520021,Phan Chí Thành
24520022,Đặng Công Minh
24520023,Bùi Duy Nam
24520024,Đỗ Hà Phương
24520025,Nguyễn Văn Kha
25520001,Nguyễn Bảo Ngọc
25520002,Trần Đăng Khôi
25520003,Lê Đình Phong
25520004,Phạm Hải Đăng
25520005,Hoàng Minh Khang
25520006,Vũ Ngọc Anh
25520007,Phan Thanh Tùng
25520008,Đặng Tuấn Tú
25520009,Bùi Văn Nam
25520010,Đỗ Thị Mỹ
25520011,Hồ Xuân Vinh
25520012,Ngô Minh Triết
25520013,Dương Quốc Anh
25520014,Lý Thành Phát
25520015,Nguyễn Thị Yến
25520016,Trần Văn Hùng
25520017,Lê Minh Quân
25520018,Phạm Hồng Sơn
25520019,Hoàng Quốc Bảo
25520020,Vũ Thiên Phúc
25520021,Phan Văn Đức
25520022,Đặng Thị Hồng
25520023,Bùi Quang Đạo
25520024,Đỗ Ngọc Long
25520025,Trịnh Đình Trọng
